{
    "accuracy": 0.9685032446406274,
    "precision": 0.9685074337958955,
    "recall": 0.9685032446406274,
    "f1_score": 0.9685031750892976
}