{
    "accuracy": 0.9699453071417266,
    "precision": 0.9699886345172272,
    "recall": 0.9699453071417266,
    "f1_score": 0.9699446118356086
}