{
    "accuracy": 0.9695232400682342,
    "precision": 0.9695481259637968,
    "recall": 0.9695232400682342,
    "f1_score": 0.9695228342339354
}