{
    "accuracy": 0.9634560258867805,
    "precision": 0.9639740605951113,
    "recall": 0.9634560258867805,
    "f1_score": 0.9634458337079255
}