{
    "accuracy": 0.9862652339834339,
    "precision": 0.9864336357728768,
    "recall": 0.9862652339834339,
    "f1_score": 0.9862640474259877
}