{
    "accuracy": 0.9916465891704623,
    "precision": 0.9916494852311241,
    "recall": 0.9916465891704623,
    "f1_score": 0.9916465770487791
}