{
    "accuracy": 0.992473137189385,
    "precision": 0.9924768441500662,
    "recall": 0.992473137189385,
    "f1_score": 0.9924731232083093
}